node,value
0,0.45
1,0.5775
2,0.15
3,0.2775
4,0.4275
6,0.1275
9,0.15
10,0.235766625
16,0.1275
18,0.1275
19,0.15
21,0.1275
30,0.1275
37,0.2775
38,0.618374892
43,0.255
46,0.1275
56,0.235766625
58,0.1275
79,0.15
84,0.15
86,0.15
94,0.3
112,0.15
