node,value
0,0.2775
1,0.255
4,0.26475375
6,0.2775
7,0.1275
10,0.2775
13,0.15
15,0.2775
17,0.2775
20,0.15
21,0.15
22,0.3
23,0.15
25,0.1275
27,0.255
30,0.2883375
31,0.15
35,0.1275
37,0.1275
40,0.3
41,0.15
42,0.4275
43,0.2775
44,0.1275
55,0.2775
57,0.1383375
59,0.15
61,0.255
62,0.1275
63,0.1275
66,0.2883375
70,0.15
72,0.1275
73,0.15
75,0.15
