node,value
0,0.15
1,0.15
6,0.4275
12,0.2775
13,0.15
15,0.1383375
16,0.1275
25,0.1275
26,0.1275
50,0.1275
53,0.15
57,0.1275
62,0.15
63,0.15
69,0.1383375
