node,value
2,0.15
6,0.15
8,0.3
12,0.363266625
14,0.405
15,0.15
18,0.1275
20,0.49403325
23,0.15
24,0.15
26,0.1275
27,0.1275
32,0.405
33,0.1275
34,0.15
39,0.405
40,0.1275
41,0.15
42,0.4275
44,0.385766625
45,0.2775
46,0.2775
47,0.45
52,0.1275
54,0.15
55,0.2775
56,0.1275
57,0.1275
62,0.3
63,0.34403325
66,0.1275
67,0.1275
68,0.255
69,0.1275
70,0.15
72,0.15
73,0.1275
75,0.15
77,0.15
81,0.2775
