node,value
1,0.1275
3,0.1275
5,0.15
10,0.1275
13,0.49403325
14,0.1275
15,0.2775
16,0.405
20,0.15
21,0.1275
25,0.1275
26,0.2775
27,0.47770123
28,0.15
30,0.15
31,0.15
32,0.255
38,0.3825
43,0.15
44,0.15
45,0.3
50,0.15
51,0.1275
56,0.15
57,0.15
58,0.1275
60,0.1275
61,0.385766625
62,0.15
63,0.15
65,0.235766625
66,0.1275
69,0.15
75,0.15
