node,value
1,0.15
4,0.1275
5,0.15
7,0.490874892
8,0.385766625
9,0.2775
10,0.1275
11,0.427608267
13,0.4275
15,0.15
19,0.4275
20,0.3
21,0.15
24,0.15
25,0.2775
26,0.513266625
28,0.2775
30,0.955402459
31,0.32770123
32,0.255
33,0.1275
34,0.405
36,0.3
37,0.1275
39,0.15
40,0.3
41,0.15
42,0.15
44,0.705
46,0.1275
47,0.255
48,0.235766625
50,0.62153325
52,0.255200201
53,0.32770123
54,0.1275
55,0.3
